lens1,lens2,method,coupling,total_len_mm,z_l1,z_l2,z_fiber,f1_mm,f2_mm,orientation,time_seconds
36-686,LA4052,nelder_mead,0.377156949407473,53.57114988470861,12.457245088233037,18.479409147254753,53.57114988470861,27.0,35.1,SfccfF,0.16271567344665527
36-686,LA4052,differential_evolution,0.37421917945552247,53.58326741188809,12.474823133795542,18.555472826766938,53.58326741188809,27.0,35.1,SfccfF,0.44454503059387207
36-686,LA4052,dual_annealing,0.36134774432543865,53.60915685243825,12.45428339049809,18.509151000776928,53.60915685243825,27.0,35.1,SfccfF,1.8767955303192139
36-686,LA4052,powell,0.3528225754005443,55.86938912120503,12.41390183741991,20.77101398223947,55.86938912120503,27.0,35.1,SfccfF,0.18387937545776367
36-686,LA4052,grid_search,0.2998843526476861,53.13446260340165,13.55,21.295833333333334,53.13446260340165,27.0,35.1,SfccfF,0.29625606536865234
36-686,LA4052,bayesian,0.2700193601473001,73.71719403097366,12.49067818361088,39.78977054658823,73.71719403097366,27.0,35.1,SfccfF,11.23576021194458
