lens1,lens2,method,coupling,total_len_mm,z_l1,z_l2,z_fiber,f1_mm,f2_mm,orientation,time_seconds
36-686,36-687,dual_annealing,0.42052625279329303,54.68563214243256,12.226183420866759,18.685713501397704,54.68563214243256,27.0,36.0,SfccfF,2.0101332664489746
36-686,36-687,nelder_mead,0.40548415493655116,54.22248204643124,12.240202491501549,18.241168636994963,54.22248204643124,27.0,36.0,SfccfF,0.5621142387390137
36-686,36-687,powell,0.40173467184140027,54.49435536203697,12.230166159048895,18.494398146055406,54.49435536203697,27.0,36.0,SfccfF,0.20996713638305664
36-686,36-687,differential_evolution,0.39574703709133346,54.20452874079789,12.246249314429138,18.247125616871713,54.20452874079789,27.0,36.0,SfccfF,0.5576267242431641
36-686,36-687,bayesian,0.27756247905047793,73.98713681504756,12.49067818361088,40.06804425078812,73.98713681504756,27.0,36.0,SfccfF,12.192684650421143
36-686,36-687,grid_search,0.25139482143304576,80.78512029727294,11.625,45.074999999999996,80.78512029727294,27.0,36.0,SfccfF,0.3155031204223633
