lens1,lens2,method,coupling,total_len_mm,z_l1,z_l2,z_fiber,f1_mm,f2_mm,orientation,time_seconds
36-686,36-689,differential_evolution,0.36837667132500906,53.592533021429226,12.480137389189462,18.631606173551397,53.592533021429226,27.0,35.0,SfccfF,1.2216427326202393
36-686,36-689,nelder_mead,0.3642261181869895,53.462617838023164,12.47667553376818,18.481412376497644,53.462617838023164,27.0,35.0,SfccfF,0.16746902465820312
36-686,36-689,dual_annealing,0.3608511131478742,53.419884296678525,12.492680897580023,18.492738192430174,53.419884296678525,27.0,35.0,SfccfF,1.6923985481262207
36-686,36-689,powell,0.3461969996498839,57.72148683513139,12.394365395214182,22.72247376509552,57.72148683513139,27.0,35.0,SfccfF,0.5982239246368408
36-686,36-689,grid_search,0.28882073080560655,53.08665570402785,13.55,21.266666666666666,53.08665570402785,27.0,35.0,SfccfF,0.31816673278808594
36-686,36-689,bayesian,0.25376157919580766,73.65040586161305,12.49067818361088,39.75885124612158,73.65040586161305,27.0,35.0,SfccfF,12.843080043792725
