lens1,lens2,method,coupling,total_len_mm,z_l1,z_l2,z_fiber,f1_mm,f2_mm,orientation,time_seconds
36-686,48-273,differential_evolution,0.4185354825627368,57.317820992407775,12.577075181213788,19.3346528316887,57.317820992407775,27.0,38.0,SfccfF,0.5964767932891846
36-686,48-273,nelder_mead,0.404552610005199,56.554020988079195,12.596198846981771,18.600890922101268,56.554020988079195,27.0,38.0,SfccfF,0.1897261142730713
36-686,48-273,dual_annealing,0.39829762192436413,58.449985315589636,12.742128589088749,21.212921454340403,58.449985315589636,27.0,38.0,SfccfF,1.9293651580810547
36-686,48-273,powell,0.3905133640282984,61.94190535122405,12.496029859028285,23.942536789857474,61.94190535122405,27.0,38.0,SfccfF,0.19250273704528809
36-686,48-273,grid_search,0.3190697168901958,56.65522427548927,13.55,22.141666666666666,56.65522427548927,27.0,38.0,SfccfF,1.1025774478912354
36-686,48-273,bayesian,0.3002423779957095,77.73790803043016,12.49067818361088,40.686430260121206,77.73790803043016,27.0,38.0,SfccfF,12.35460114479065
