lens1,lens2,method,coupling,total_len_mm,z_l1,z_l2,z_fiber,f1_mm,f2_mm,orientation,time_seconds
49-959,36-689,differential_evolution,0.31536221712858875,55.7371168258369,13.942592198372285,20.74880076645576,55.7371168258369,30.0,35.0,SfccfF,0.5595078468322754
49-959,36-689,nelder_mead,0.3140488333938573,55.40969784362966,13.965518308652104,20.466879882628934,55.40969784362966,30.0,35.0,SfccfF,0.17126727104187012
49-959,36-689,dual_annealing,0.30584544746541675,55.92627966174853,13.93436122670766,20.92628824568787,55.92627966174853,30.0,35.0,SfccfF,4.251394033432007
49-959,36-689,grid_search,0.3037206046986664,55.95335622979425,14.112499999999999,21.454166666666666,55.95335622979425,30.0,35.0,SfccfF,0.30832409858703613
49-959,36-689,powell,0.30365809509771524,56.45309088757604,13.924943358146264,21.45981068190613,56.45309088757604,30.0,35.0,SfccfF,0.44342637062072754
49-959,36-689,bayesian,0.22594486931546479,76.65616969019788,14.74319867264451,44.24146713522501,76.65616969019788,30.0,35.0,SfccfF,10.314016819000244
