lens1,lens2,method,coupling,total_len_mm,z_l1,z_l2,z_fiber,f1_mm,f2_mm,orientation,time_seconds
49-959,49-960,dual_annealing,0.3400220803572105,54.869046333496634,13.689562358140096,20.18958832635338,54.869046333496634,30.0,35.0,SfccfF,5.0443243980407715
49-959,49-960,nelder_mead,0.3359787347913715,55.074927534286076,13.588011234953768,20.088315800626688,55.074927534286076,30.0,35.0,SfccfF,0.6000919342041016
49-959,49-960,powell,0.33281686323883103,55.27410402406498,13.57850008057769,20.27418240600084,55.27410402406498,30.0,35.0,SfccfF,0.1702251434326172
49-959,49-960,differential_evolution,0.32118666739935336,55.08505580039358,13.590392487238775,20.107041208060465,55.08505580039358,30.0,35.0,SfccfF,0.5119833946228027
49-959,49-960,grid_search,0.29099497166669597,54.89783740879132,14.112499999999999,21.454166666666666,54.89783740879132,30.0,35.0,SfccfF,0.3120138645172119
49-959,49-960,bayesian,0.2332280900734128,77.37017619238046,12.898407139008574,42.541588288120465,77.37017619238046,30.0,35.0,SfccfF,10.522482633590698
