lens1,lens2,method,coupling,total_len_mm,z_l1,z_l2,z_fiber,f1_mm,f2_mm,orientation,time_seconds
LA4021,36-687,powell,0.3482819543020232,57.92691736262847,10.855899296131389,21.92758186147581,57.92691736262847,30.0,36.0,SfccfF,0.14362478256225586
LA4021,36-687,differential_evolution,0.3406033782917872,58.390689742485776,10.845442331091903,22.39732934005037,58.390689742485776,30.0,36.0,SfccfF,0.6917417049407959
LA4021,36-687,nelder_mead,0.3350656239847313,61.55430142125962,10.760456989640835,25.564071522426232,61.55430142125962,30.0,36.0,SfccfF,0.5543982982635498
LA4021,36-687,dual_annealing,0.33132172143638255,59.63186423019072,10.913282748120231,23.969360208498365,59.63186423019072,30.0,36.0,SfccfF,3.0648767948150635
LA4021,36-687,grid_search,0.30348485027286437,62.39857153195163,11.170833333333333,27.700000000000003,62.39857153195163,30.0,36.0,SfccfF,0.9303019046783447
LA4021,36-687,bayesian,0.2650881471865594,73.55650708684446,10.514103603961976,37.90810206164295,73.55650708684446,30.0,36.0,SfccfF,11.872705698013306
