lens1,lens2,method,coupling,total_len_mm,z_l1,z_l2,z_fiber,f1_mm,f2_mm,orientation,time_seconds
LA4021,48-273,nelder_mead,0.3602968558876629,60.23681100519028,11.30095594439343,22.301354977602053,60.23681100519028,30.0,38.0,SfccfF,0.18184280395507812
LA4021,48-273,differential_evolution,0.35755220888784095,60.733180760334626,11.276723025224463,22.74791447504773,60.733180760334626,30.0,38.0,SfccfF,0.6085629463195801
LA4021,48-273,dual_annealing,0.34424880188664164,60.632924070945336,11.389945678736792,23.028994531665024,60.632924070945336,30.0,38.0,SfccfF,4.391358137130737
LA4021,48-273,powell,0.34015958383974343,64.37762145272971,11.196600949532119,26.3794416710594,64.37762145272971,30.0,38.0,SfccfF,0.132735013961792
LA4021,48-273,grid_search,0.22850884916751657,90.56563973308688,11.170833333333333,54.03333333333333,90.56563973308688,30.0,38.0,SfccfF,0.41768336296081543
LA4021,48-273,bayesian,0.22313985813528947,84.73881448949254,11.691328739656639,49.04353394795517,84.73881448949254,30.0,38.0,SfccfF,11.907508850097656
