lens1,lens2,method,coupling,total_len_mm,z_l1,z_l2,z_fiber,f1_mm,f2_mm,orientation,time_seconds
LA4021,36-689,powell,0.31974039525936215,57.12561092630155,11.153261213919647,22.160265916700162,57.12561092630155,30.0,35.0,SfccfF,0.11619400978088379
LA4021,36-689,differential_evolution,0.31273349018303903,57.23107914760392,11.139087291504225,22.231658493248197,57.23107914760392,30.0,35.0,SfccfF,0.9375307559967041
LA4021,36-689,dual_annealing,0.30409721590083755,59.55019260230376,11.085850575319986,24.550201354567267,59.55019260230376,30.0,35.0,SfccfF,1.8381202220916748
LA4021,36-689,nelder_mead,0.3016576808918852,57.69379467923896,11.129634979448273,22.69711841676917,57.69379467923896,30.0,35.0,SfccfF,0.19599413871765137
LA4021,36-689,bayesian,0.2611312295240495,73.13400139193989,10.514103603961976,37.645714731513756,73.13400139193989,30.0,35.0,SfccfF,10.441322803497314
LA4021,36-689,grid_search,0.1968725593838086,84.0859256592556,11.170833333333333,50.53333333333333,84.0859256592556,30.0,35.0,SfccfF,0.33095264434814453
