lens1,lens2,method,coupling,total_len_mm,z_l1,z_l2,z_fiber,f1_mm,f2_mm,orientation,time_seconds
LA4021,LA4052,nelder_mead,0.31250464651553267,57.81229864228336,11.108358494204879,22.712942354382363,57.81229864228336,30.0,35.1,SfccfF,0.1515347957611084
LA4021,LA4052,dual_annealing,0.3107239236676174,57.07449457802402,11.204136108969385,22.204163011891385,57.07449457802402,30.0,35.1,SfccfF,1.541804313659668
LA4021,LA4052,differential_evolution,0.30914035570906845,57.230575720082165,11.124550851381162,22.139782864394753,57.230575720082165,30.0,35.1,SfccfF,0.4848952293395996
LA4021,LA4052,powell,0.3042008469933699,60.144361964001995,11.054443421430301,25.046215127855753,60.144361964001995,30.0,35.1,SfccfF,0.12981009483337402
LA4021,LA4052,bayesian,0.24852722066100053,73.20984802351028,10.514103603961976,37.67195346452667,73.20984802351028,30.0,35.1,SfccfF,10.363225221633911
LA4021,LA4052,grid_search,0.2041214294430234,84.23393985038612,11.170833333333333,50.650000000000006,84.23393985038612,30.0,35.1,SfccfF,0.4228534698486328
