lens1,lens2,f1_mm,f2_mm,z_l1,z_l2,z_fiber,total_len_mm,coupling,orientation,fiber_position_method
36-690,LA4006,40.0,200.0,27.09386820080417,35.127801025812516,146.27342804095082,146.27342804095082,0.09029999999999999,SfccfF,optimized
36-690,LA4007,40.0,250.0,27.514804238555904,36.124931670218814,163.95599416859045,163.95599416859045,0.08729,SfccfF,optimized
36-690,LA4004,40.0,149.9,27.635906580689362,36.29949249852908,119.6031426996331,119.6031426996331,0.084495,SfccfF,optimized
36-690,LA4005,40.0,175.0,29.81167608769971,40.25076336954558,128.1866640573047,128.1866640573047,0.07675499999999999,SfccfF,optimized
