lens1,lens2,f1_mm,f2_mm,z_l1,z_l2,z_fiber,total_len_mm,coupling
36-681,LA4647,22.0,20.1,9.839199038148124,12.760445036619156,32.860445036619154,32.860445036619154,0.244
36-682,LA4021,20.0,30.0,10.406540115270738,13.348716651741352,43.348716651741356,43.348716651741356,0.241
36-681,84-277,22.0,25.0,10.580199169454573,13.547717545102262,38.54771754510226,38.54771754510226,0.225
36-681,36-683,22.0,25.0,9.700210577090516,9.827261528413235,34.82726152841323,34.82726152841323,0.008
36-681,LA4002,22.0,25.0,9.700049674143834,9.921731951271994,34.921731951271994,34.921731951271994,0.0045
