lens1,lens2,f1_mm,f2_mm,z_l1,z_l2,z_fiber,total_len_mm,coupling
36-681,36-683,22.0,25.0,10.494755031162356,13.300981301614534,38.300981301614534,38.300981301614534,0.2535
36-681,LA4647,22.0,20.1,9.912676567135021,12.90251419461587,33.00251419461587,33.00251419461587,0.244
36-681,LA4002,22.0,25.0,10.586111232400427,13.457224790223634,38.457224790223634,38.457224790223634,0.2375
36-682,LA4021,20.0,30.0,10.413677087335312,13.414285227319125,43.41428522731913,43.41428522731913,0.2325
36-681,84-277,22.0,25.0,10.58892547221188,13.457651197634549,38.45765119763455,38.45765119763455,0.228
