lens1,lens2,f1_mm,f2_mm,z_l1,z_l2,z_fiber,total_len_mm,coupling
36-681,LA4647,22.0,20.1,9.823523520807623,12.962692811213415,33.06269281121342,33.06269281121342,0.2505
36-681,36-683,22.0,25.0,10.506787770997107,13.333406313348767,38.33340631334877,38.33340631334877,0.244
36-681,84-277,22.0,25.0,10.628594828761868,13.502780037129199,38.5027800371292,38.5027800371292,0.232
36-682,LA4021,20.0,30.0,10.392292067238301,13.324958531572683,43.32495853157268,43.32495853157268,0.2235
36-681,LA4002,22.0,25.0,10.602303278964678,13.46355111949756,38.46355111949756,38.46355111949756,0.217
