lens1,lens2,f1_mm,f2_mm,z_l1,z_l2,z_fiber,total_len_mm,coupling
36-681,LA4002,22.0,25.0,10.753049249780567,13.60084354803981,38.60084354803981,38.60084354803981,0.2405
36-681,36-683,22.0,25.0,10.513916888414627,13.314753850627612,38.31475385062761,38.31475385062761,0.2395
36-681,LA4647,22.0,20.1,10.115048033865293,12.996784121821372,33.09678412182137,33.09678412182137,0.233
36-681,84-277,22.0,25.0,10.817216545605103,13.68664739655174,38.68664739655174,38.68664739655174,0.229
36-682,LA4021,20.0,30.0,10.414483365987522,13.24416512441838,43.24416512441838,43.24416512441838,0.2075
