lens1,lens2,method,coupling,total_len_mm,z_l1,z_l2,z_fiber,f1_mm,f2_mm,orientation,time_seconds
84-283,67-223,powell,0.18161138027434628,116.66446244686043,35.11266524678612,41.680661170852574,116.66446244686043,60.0,75.0,SfccfF,0.6652262210845947
84-283,67-223,dual_annealing,0.1803669384014566,117.15811739137301,35.100231590864155,42.15811739137301,117.15811739137301,60.0,75.0,SfccfF,9.998656272888184
84-283,67-223,differential_evolution,0.17777812753368313,117.02193395970764,35.11239797153604,42.052370136404804,117.02193395970764,60.0,75.0,SfccfF,2.002000331878662
84-283,67-223,nelder_mead,0.17652806024694218,121.47588208805612,35.04543631968555,46.4971132359116,121.47588208805612,60.0,75.0,SfccfF,0.5424072742462158
84-283,67-223,grid_search,0.162894940251249,138.55156838060645,34.875,63.81250000000001,138.55156838060645,60.0,75.0,SfccfF,0.5450928211212158
