lens1,lens2,method,coupling,total_len_mm,z_l1,z_l2,z_fiber,f1_mm,f2_mm,orientation,time_seconds
84-282,48-670,grid_search,0.21876699414926498,93.267493078281,27.0,35.837500000000006,93.267493078281,50.0,60.0,SfccfF,0.5474426746368408
84-282,48-670,dual_annealing,0.21796089348619146,91.93039443849403,27.032196507344207,34.53222119051156,91.93039443849403,50.0,60.0,SfccfF,12.903836011886597
84-282,48-670,nelder_mead,0.21755380649309033,92.0035304656855,27.000181805259558,34.52017678333161,92.0035304656855,50.0,60.0,SfccfF,0.48517656326293945
84-282,48-670,differential_evolution,0.21625979209772575,92.00006799934582,27.005498683637946,34.531260399985,92.00006799934582,50.0,60.0,SfccfF,2.6343421936035156
84-282,48-670,powell,0.21353559142076442,91.98619547825095,27.00044285347952,34.50282546613563,91.98619547825095,50.0,60.0,SfccfF,0.6257214546203613
