lens1,lens2,method,coupling,total_len_mm,z_l1,z_l2,z_fiber,f1_mm,f2_mm,orientation,time_seconds
84-282,84-283,powell,0.2233697786729459,92.53710859647795,27.001552643950845,34.522527912604446,92.53710859647795,50.0,60.0,SfccfF,0.47541236877441406
84-282,84-283,dual_annealing,0.21921930978971416,92.23052151097183,27.17447936721313,34.67453977057561,92.23052151097183,50.0,60.0,SfccfF,10.57210659980774
84-282,84-283,differential_evolution,0.21901505751415756,92.53720960636059,27.02019792684552,34.57406167604664,92.53720960636059,50.0,60.0,SfccfF,2.405988931655884
84-282,84-283,nelder_mead,0.21856528938032338,92.53842747924365,27.000181805259558,34.52017678333161,92.53842747924365,50.0,60.0,SfccfF,0.47945237159729004
84-282,84-283,grid_search,0.21729865382291855,93.80247208491521,27.0,35.837500000000006,93.80247208491521,50.0,60.0,SfccfF,0.5474050045013428
