lens1,lens2,method,coupling,total_len_mm,z_l1,z_l2,z_fiber,f1_mm,f2_mm,orientation,time_seconds
84-282,LA4545,differential_evolution,0.15785983768387424,136.96776140394357,28.87385253342148,37.044175631335094,136.96776140394357,50.0,100.0,SfccfF,2.3631482124328613
84-282,LA4545,nelder_mead,0.15717852433861138,136.36123893307803,28.868978742679086,36.37184296302718,136.36123893307803,50.0,100.0,SfccfF,0.8247075080871582
84-282,LA4545,dual_annealing,0.15693225093462154,136.31025254631788,28.87657737657925,36.3767753757169,136.31025254631788,50.0,100.0,SfccfF,7.985391855239868
84-282,LA4545,powell,0.15620966857124707,136.9247954859916,28.864256890180975,36.92573543980138,136.9247954859916,50.0,100.0,SfccfF,0.7580976486206055
84-282,LA4545,grid_search,0.09286500333866066,326.7362975311524,27.0,227.0,326.7362975311524,50.0,100.0,SfccfF,0.5958507061004639
