lens1,lens2,method,coupling,total_len_mm,z_l1,z_l2,z_fiber,f1_mm,f2_mm,orientation,time_seconds
84-282,LA4022,dual_annealing,0.21935701656473064,92.06460604532967,27.06449741345503,34.56454795201304,92.06460604532967,50.0,60.0,SfccfF,11.585037469863892
84-282,LA4022,differential_evolution,0.21814915299249069,92.36065252667875,27.005864969797926,34.712158590216745,92.36065252667875,50.0,60.0,SfccfF,2.451986789703369
84-282,LA4022,powell,0.2174977524374885,92.18961858167968,27.001552643950845,34.521929134624855,92.18961858167968,50.0,60.0,SfccfF,0.48061466217041016
84-282,LA4022,nelder_mead,0.21689863962253028,92.17335875259053,27.000361050009218,34.50168685677242,92.17335875259053,50.0,60.0,SfccfF,0.5000181198120117
84-282,LA4022,grid_search,0.21676899414840606,93.45559123442935,27.0,35.837500000000006,93.45559123442935,50.0,60.0,SfccfF,0.5321643352508545
