lens1,lens2,method,coupling,total_len_mm,z_l1,z_l2,z_fiber,f1_mm,f2_mm,orientation,time_seconds
84-282,48-275,differential_evolution,0.19976908064334004,110.26835867584596,27.322587248047764,35.387713261780945,110.26835867584596,50.0,75.0,SfccfF,1.747429370880127
84-282,48-275,dual_annealing,0.19829196885257794,109.26425854093478,27.461464248042162,34.98091825771614,109.26425854093478,50.0,75.0,SfccfF,14.478063106536865
84-282,48-275,nelder_mead,0.19688227456291493,109.78716469838432,27.309447445478355,34.81126364142918,109.78716469838432,50.0,75.0,SfccfF,0.6440191268920898
84-282,48-275,powell,0.19542437002799254,117.0355382180626,27.20187734720942,42.03273602291394,117.0355382180626,50.0,75.0,SfccfF,0.38263797760009766
84-282,48-275,grid_search,0.19127103987122426,134.6003427611917,27.0,59.87500000000001,134.6003427611917,50.0,75.0,SfccfF,0.566791296005249
