lens1,lens2,method,coupling,total_len_mm,z_l1,z_l2,z_fiber,f1_mm,f2_mm,orientation,time_seconds
LA4148,LA4078,powell,0.19710504874374143,110.60625915253326,28.99255801724747,35.30757871012809,110.60625915253326,50.2,75.3,SfccfF,0.7400932312011719
LA4148,LA4078,differential_evolution,0.19673428074356136,112.86780840255173,28.971154937325778,37.56587670241312,112.86780840255173,50.2,75.3,SfccfF,3.5467262268066406
LA4148,LA4078,nelder_mead,0.19465716222362026,110.59695134640847,28.993590345309087,35.30219432669682,110.59695134640847,50.2,75.3,SfccfF,0.6077730655670166
LA4148,LA4078,grid_search,0.19422394295524964,114.62051052085722,29.012500000000003,39.550000000000004,114.62051052085722,50.2,75.3,SfccfF,0.5420279502868652
LA4148,LA4078,dual_annealing,0.1934013388411861,112.84890064696769,28.971802654291896,37.54891026563025,112.84890064696769,50.2,75.3,SfccfF,12.473869323730469
