lens1,lens2,method,coupling,total_len_mm,z_l1,z_l2,z_fiber,f1_mm,f2_mm,orientation,time_seconds
LA4148,LA4464,powell,0.2037179412861526,69.6116753443862,29.08609118467844,35.424389046622935,95.6116753443862,50.2,60.2,SfccfF,0.5914485454559326
LA4148,LA4464,dual_annealing,0.1995808990680668,69.44859823180616,29.186336358269653,35.486336581976296,95.44859823180616,50.2,60.2,SfccfF,7.543001651763916
LA4148,LA4464,nelder_mead,0.1978623565305506,69.5908346811848,29.08091581323033,35.39128476351114,95.5908346811848,50.2,60.2,SfccfF,0.5644016265869141
LA4148,LA4464,differential_evolution,0.1956805051569105,69.9303196731742,29.168627024162937,35.93655226694068,95.9303196731742,50.2,60.2,SfccfF,1.8007264137268066
LA4148,LA4464,grid_search,0.0951386449163337,170.1090925425549,29.012500000000003,137.36666666666667,196.1090925425549,50.2,60.2,SfccfF,0.538456916809082
