lens1,lens2,method,coupling,total_len_mm,z_l1,z_l2,z_fiber,f1_mm,f2_mm,orientation,time_seconds
LA4148,67-223,differential_evolution,0.20077361244607791,110.54956123464193,28.85730077580954,35.609315819167676,110.54956123464193,50.2,75.0,SfccfF,2.2039120197296143
LA4148,67-223,dual_annealing,0.19748874172554529,110.13193090975584,28.851938681482746,35.151972980708564,110.13193090975584,50.2,75.0,SfccfF,8.504357814788818
LA4148,67-223,nelder_mead,0.19508204949469476,110.51795873533447,28.84357654374017,35.51878173655603,110.51795873533447,50.2,75.0,SfccfF,0.504040002822876
LA4148,67-223,powell,0.19206703231066405,110.16056600373214,28.8547245814034,35.193511895306365,110.16056600373214,50.2,75.0,SfccfF,0.5314350128173828
LA4148,67-223,grid_search,0.15513199169576455,186.58483811943879,29.012500000000003,114.5,186.58483811943879,50.2,75.0,SfccfF,0.5375888347625732
