lens1,lens2,method,coupling,total_len_mm,z_l1,z_l2,z_fiber,f1_mm,f2_mm,orientation,time_seconds
LA4148,LA4725,nelder_mead,0.19956457297096347,109.76608424891232,28.18946602857863,34.49396848273428,109.76608424891232,50.2,75.3,SfccfF,0.5734236240386963
LA4148,LA4725,dual_annealing,0.19769252407842905,109.60445848635933,28.233187028446913,34.53320630855896,109.60445848635933,50.2,75.3,SfccfF,8.895325422286987
LA4148,LA4725,differential_evolution,0.19514774527508819,109.97425320928576,28.219222568703696,34.85988127519404,109.97425320928576,50.2,75.3,SfccfF,2.6574349403381348
LA4148,LA4725,powell,0.19502169855805437,110.2016408950941,28.17771999173329,34.90169289772179,110.2016408950941,50.2,75.3,SfccfF,0.5390462875366211
LA4148,LA4725,grid_search,0.12561153004671333,177.48829338783221,27.0,102.3,177.48829338783221,50.2,75.3,SfccfF,0.5801832675933838
