lens1,lens2,method,coupling,total_len_mm,z_l1,z_l2,z_fiber,f1_mm,f2_mm,orientation,time_seconds
LA4148,67-223,differential_evolution,0.2007736124460779,84.54956123464191,28.85730077580954,35.60931581916768,110.54956123464191,50.2,75.0,SfccfF,2.2039120197296143
LA4148,67-223,dual_annealing,0.1974887417255452,84.13193090975584,28.851938681482743,35.151972980708564,110.13193090975584,50.2,75.0,SfccfF,8.504357814788818
LA4148,67-223,nelder_mead,0.1950820494946947,84.51795873533447,28.84357654374017,35.51878173655603,110.51795873533447,50.2,75.0,SfccfF,0.504040002822876
LA4148,67-223,powell,0.192067032310664,84.16056600373214,28.8547245814034,35.193511895306365,110.16056600373214,50.2,75.0,SfccfF,0.5314350128173828
LA4148,67-223,grid_search,0.1551319916957645,160.5848381194388,29.012500000000003,114.5,186.5848381194388,50.2,75.0,SfccfF,0.5375888347625732
