lens1,lens2,method,coupling,total_len_mm,z_l1,z_l2,z_fiber,f1_mm,f2_mm,orientation,time_seconds
LA4464,LA4078,powell,0.18890691785870184,121.49870504243889,27.000212888423274,47.304612790953634,121.49870504243889,60.2,75.3,SfccfF,0.6298239231109619
LA4464,LA4078,nelder_mead,0.1881344389496627,121.49738979642106,27.001704348244445,47.3072704367988,121.49738979642106,60.2,75.3,SfccfF,0.5512058734893799
LA4464,LA4078,grid_search,0.18301266813699069,123.18057897719055,27.0,49.0375,123.18057897719055,60.2,75.3,SfccfF,0.5577049255371094
LA4464,LA4078,differential_evolution,0.18233397984314345,121.52836868562561,27.00375359621102,47.34484106028803,121.52836868562561,60.2,75.3,SfccfF,2.550218343734741
LA4464,LA4078,dual_annealing,0.17652395307221638,121.8473501315931,27.01113279331217,47.693905237509455,121.8473501315931,60.2,75.3,SfccfF,9.45362377166748
