lens1,lens2,f1_mm,f2_mm,z_l1,z_l2,z_fiber,total_len_mm,coupling,orientation,fiber_position_method
LA4148,LA4022,50.2,60.0,30.020505050646637,36.38564074929894,94.52462786191387,65.52462786191387,0.23283091089618202,SfccfF,optimized
