lens1,lens2,method,coupling,total_len_mm,z_l1,z_l2,z_fiber,f1_mm,f2_mm,orientation,time_seconds
36-686,48-273,dual_annealing,0.493,56.404377559958526,12.721723499079815,18.722109387540527,56.404377559958526,27.0,38.0,SfccfF,2.048898220062256
36-686,48-273,nelder_mead,0.49,56.600135408954685,12.591992522692722,18.600135408954685,56.600135408954685,27.0,38.0,SfccfF,0.16025304794311523
36-686,48-273,differential_evolution,0.4885,56.591656223646154,12.58918190001658,18.591656223646154,56.591656223646154,27.0,38.0,SfccfF,0.4731886386871338
36-686,48-273,powell,0.478,60.81764220612558,12.519590591085558,22.487665661014038,60.81764220612558,27.0,38.0,SfccfF,0.1483287811279297
36-686,48-273,grid_search,0.41,57.488316254117905,13.55,22.141666666666666,57.488316254117905,27.0,38.0,SfccfF,0.44524288177490234
36-686,48-273,bayesian,0.3935,78.6864302601212,12.49067818361088,40.686430260121206,78.6864302601212,27.0,38.0,SfccfF,9.82962703704834
