lens1,lens2,method,coupling,total_len_mm,z_l1,z_l2,z_fiber,f1_mm,f2_mm,orientation,time_seconds
LA4021,36-689,differential_evolution,0.373,57.261603673338705,11.146130827799755,22.261603673338705,57.261603673338705,30.0,35.0,SfccfF,1.0081212520599365
LA4021,36-689,nelder_mead,0.371,57.69541515159581,11.128173201639157,22.69541515159581,57.69541515159581,30.0,35.0,SfccfF,0.15887784957885742
LA4021,36-689,powell,0.3605,57.16636885769625,11.157997329169461,22.16636885769625,57.16636885769625,30.0,35.0,SfccfF,0.2126772403717041
LA4021,36-689,dual_annealing,0.34,57.19048584741694,11.190471768648163,22.19048584741694,57.19048584741694,30.0,35.0,SfccfF,2.841088056564331
LA4021,36-689,bayesian,0.2595,82.96053578955494,11.691328739656639,47.96053578955494,82.96053578955494,30.0,35.0,SfccfF,16.306955814361572
LA4021,36-689,grid_search,0.2505,85.53333333333333,11.170833333333333,50.53333333333333,85.53333333333333,30.0,35.0,SfccfF,1.5953483581542969
