z_l1,z_l2,z_fiber,coupling,lens1,lens2,f1_mm,f2_mm,total_len_mm
9.7,84.7,114.7,0.291,36-682,LA4021,20.0,30.0,114.7
9.7,38.86666666666667,63.86666666666667,0.268,36-681,LA4002,22.0,25.0,63.86666666666667
9.7,38.86666666666667,63.86666666666667,0.262,36-681,84-277,22.0,25.0,63.86666666666667
9.7,19.75,39.85,0.254,36-681,LA4647,22.0,20.1,39.85
10.670833333333333,22.2,47.2,0.253,36-681,36-683,22.0,25.0,47.2
