lens1,lens2,method,coupling,total_len_mm,z_l1,z_l2,z_fiber,f1_mm,f2_mm,orientation,time_seconds
84-283,LA4078,nelder_mead,0.262515,117.11220606745431,35.31073201919173,41.812206067454305,117.11220606745431,60.0,75.3,SfccfF,0.69936203956604
84-283,LA4078,dual_annealing,0.25972,117.10374733443511,35.313407959868215,41.81354859225827,117.10374733443511,60.0,75.3,SfccfF,10.040295600891113
84-283,LA4078,powell,0.257355,117.14117086882106,35.31909677092974,41.84117086882106,117.14117086882106,60.0,75.3,SfccfF,0.43559932708740234
84-283,LA4078,differential_evolution,0.251765,117.81236266455176,35.31686737095597,42.544159302130964,117.81236266455176,60.0,75.3,SfccfF,2.488619327545166
84-283,LA4078,grid_search,0.25155,151.37741386072534,34.875,76.225,151.37741386072534,60.0,75.3,SfccfF,0.523125410079956
