lens1,lens2,method,coupling,total_len_mm,z_l1,z_l2,z_fiber,f1_mm,f2_mm,orientation,time_seconds
84-282,LA4725,powell,0.29025,117.30555900731724,27.201361024352238,42.00555900731724,117.30555900731724,50.0,75.3,SfccfF,0.36131906509399414
84-282,LA4725,grid_search,0.28681,135.017047560326,27.0,60.00625,135.017047560326,50.0,75.3,SfccfF,0.5282084941864014
84-282,LA4725,dual_annealing,0.282725,109.69762794280507,27.41692742097996,34.917077279210865,109.69762794280507,50.0,75.3,SfccfF,11.831735372543335
84-282,LA4725,nelder_mead,0.281005,110.10627386285883,27.305183558581902,34.80627386285883,110.10627386285883,50.0,75.3,SfccfF,0.6278030872344971
84-282,LA4725,differential_evolution,0.27606,110.509974151721,27.296770627524488,35.209974151721,110.509974151721,50.0,75.3,SfccfF,2.930117607116699
