lens1,lens2,f1_mm,f2_mm,z_l1,z_l2,z_fiber,total_len_mm,coupling,orientation,fiber_position_method
48-274,48-274,50.0,50.0,27.008943299995185,33.35002613791147,82.45047821257415,82.45047821257415,0.22016,SfccfF,optimized
